team,season,matches_played,matches_won,matches_lost,win_pct,avg_runs_scored,avg_runs_conceded,total_sixes,total_fours,toss_wins,toss_win_and_match_win,toss_win_conversion_pct,times_batted_first,times_chased,won_batting_first,won_chasing,win_pct_batting_first,win_pct_chasing
Rajasthan Royals,2008,16,13,3,81.3,162.6,150.2,85,259,11,9,81.8,6,10,4,9,66.7,90.0
Punjab Kings,2008,15,10,5,66.7,164.3,161.1,95,231,8,4,50.0,7,8,4,6,57.1,75.0
Chennai Super Kings,2008,16,9,7,56.3,157.5,160.5,86,244,5,3,60.0,9,7,4,5,44.4,71.4
Delhi Capitals,2008,14,7,7,50.0,151.3,158.8,54,218,6,2,33.3,6,8,2,5,33.3,62.5
Mumbai Indians,2008,14,7,7,50.0,148.6,149.7,76,197,8,4,50.0,6,8,2,5,33.3,62.5
Kolkata Knight Riders,2008,13,6,7,46.2,149.4,132.2,76,162,6,3,50.0,9,4,4,2,44.4,50.0
Royal Challengers Bengaluru,2008,14,4,10,28.6,141.6,157.5,59,187,5,1,20.0,7,7,2,2,28.6,28.6
Sunrisers Hyderabad,2008,14,2,12,14.3,159.2,164.8,92,205,9,2,22.2,8,6,0,2,0.0,33.3
Delhi Capitals,2009,15,10,5,66.7,142.1,143.9,51,188,9,6,66.7,7,8,3,7,42.9,87.5
Chennai Super Kings,2009,14,8,6,57.1,159.4,143.1,73,192,7,4,57.1,10,4,6,2,60.0,50.0
Sunrisers Hyderabad,2009,16,9,7,56.3,150.5,149.2,99,173,10,7,70.0,8,8,5,4,62.5,50.0
Royal Challengers Bengaluru,2009,16,9,7,56.3,142.5,144.8,67,192,8,5,62.5,6,10,3,6,50.0,60.0
Punjab Kings,2009,14,7,7,50.0,137.7,134.7,61,140,6,4,66.7,6,8,3,4,50.0,50.0
Rajasthan Royals,2009,13,6,7,46.2,129.8,139.2,45,147,4,2,50.0,5,8,3,3,60.0,37.5
Mumbai Indians,2009,13,5,8,38.5,145.9,138.6,54,145,6,3,50.0,8,5,4,1,50.0,20.0
Kolkata Knight Riders,2009,13,3,10,23.1,135.2,150.5,56,140,7,2,28.6,7,6,0,3,0.0,50.0
Mumbai Indians,2010,16,11,5,68.8,171.1,151.1,75,261,9,6,66.7,11,5,8,3,72.7,60.0
Chennai Super Kings,2010,16,9,7,56.3,162.2,156.7,97,212,10,6,60.0,8,8,5,4,62.5,50.0
Royal Challengers Bengaluru,2010,16,8,8,50.0,150.1,156.9,77,214,6,2,33.3,4,12,1,7,25.0,58.3
Delhi Capitals,2010,14,7,7,50.0,153.9,154.7,58,190,8,5,62.5,6,8,4,3,66.7,37.5
Sunrisers Hyderabad,2010,16,8,8,50.0,148.4,155.1,84,197,9,5,55.6,7,9,5,3,71.4,33.3
Kolkata Knight Riders,2010,14,7,7,50.0,153.1,156.6,63,199,7,4,57.1,8,6,4,3,50.0,50.0
Rajasthan Royals,2010,14,6,8,42.9,155.6,158.9,74,202,6,3,50.0,8,6,4,2,50.0,33.3
Punjab Kings,2010,14,4,10,28.6,162.7,168.9,57,233,5,0,0.0,8,6,1,3,12.5,50.0
Chennai Super Kings,2011,16,11,5,68.8,160.0,143.8,91,204,9,7,77.8,12,4,8,3,66.7,75.0
Mumbai Indians,2011,16,10,6,62.5,143.0,142.7,57,221,6,3,50.0,8,8,5,5,62.5,62.5
Royal Challengers Bengaluru,2011,16,10,6,62.5,154.3,157.0,94,225,6,5,83.3,5,11,3,7,60.0,63.6
Kolkata Knight Riders,2011,15,8,7,53.3,134.9,138.1,45,191,7,5,71.4,7,8,3,5,42.9,62.5
Punjab Kings,2011,14,7,7,50.0,158.9,155.2,74,219,10,4,40.0,7,7,4,3,57.1,42.9
Rajasthan Royals,2011,13,6,7,46.2,129.8,138.5,42,153,7,4,57.1,5,8,0,6,0.0,75.0
Sunrisers Hyderabad,2011,14,6,8,42.9,152.9,145.5,48,194,6,3,50.0,9,5,5,1,55.6,20.0
Kochi Tuskers Kerala,2011,14,6,8,42.9,135.8,141.9,53,170,8,4,50.0,7,7,2,4,28.6,57.1
Pune Warriors,2011,13,4,9,30.8,136.5,142.9,60,154,5,0,0.0,6,7,0,4,0.0,57.1
Delhi Capitals,2011,14,4,10,28.6,149.1,159.7,75,185,9,3,33.3,7,7,2,2,28.6,28.6
Kolkata Knight Riders,2012,17,12,5,70.6,147.3,139.2,69,210,7,5,71.4,8,9,6,6,75.0,66.7
Delhi Capitals,2012,18,11,7,61.1,146.9,152.5,97,232,10,5,50.0,4,14,2,9,50.0,64.3
Mumbai Indians,2012,17,10,7,58.8,144.8,148.8,80,219,11,6,54.5,6,11,3,7,50.0,63.6
Chennai Super Kings,2012,18,10,8,55.6,157.3,145.6,102,223,7,4,57.1,12,6,5,5,41.7,83.3
Royal Challengers Bengaluru,2012,15,8,7,53.3,164.8,167.0,118,186,6,3,50.0,7,8,4,4,57.1,50.0
Punjab Kings,2012,16,8,8,50.0,149.4,153.4,61,226,8,4,50.0,8,8,3,5,37.5,62.5
Rajasthan Royals,2012,16,7,9,43.8,157.3,150.1,69,246,10,3,30.0,11,5,5,2,45.5,40.0
Sunrisers Hyderabad,2012,15,4,11,26.7,154.1,160.3,77,188,9,2,22.2,11,4,3,1,27.3,25.0
Pune Warriors,2012,16,4,12,25.0,145.1,151.5,60,181,6,1,16.7,7,9,3,1,42.9,11.1
Mumbai Indians,2013,19,13,6,68.4,156.6,149.1,117,253,12,8,66.7,11,8,9,4,81.8,50.0
Chennai Super Kings,2013,18,12,6,66.7,154.3,144.6,84,241,8,7,87.5,8,10,7,5,87.5,50.0
Rajasthan Royals,2013,18,11,7,61.1,150.3,145.9,70,267,11,6,54.5,8,10,3,8,37.5,80.0
Sunrisers Hyderabad,2013,17,10,7,58.8,135.2,137.7,52,196,7,1,14.3,9,8,4,6,44.4,75.0
Royal Challengers Bengaluru,2013,16,9,7,56.3,160.7,153.2,103,229,5,4,80.0,11,5,5,4,45.5,80.0
Punjab Kings,2013,16,8,8,50.0,151.8,151.1,65,244,7,4,57.1,8,8,3,5,37.5,62.5
Kolkata Knight Riders,2013,16,6,10,37.5,143.1,144.8,57,222,12,4,33.3,7,9,2,4,28.6,44.4
Pune Warriors,2013,16,4,12,25.0,141.4,157.4,76,190,9,2,22.2,7,9,3,1,42.9,11.1
Delhi Capitals,2013,16,3,13,18.8,139.6,152.3,51,210,5,0,0.0,7,9,1,2,14.3,22.2
Punjab Kings,2014,17,12,5,70.6,175.7,164.4,127,262,7,5,71.4,10,7,6,6,60.0,85.7
Kolkata Knight Riders,2014,16,11,5,68.8,155.5,152.8,76,223,9,6,66.7,5,11,4,7,80.0,63.6
Chennai Super Kings,2014,16,10,6,62.5,165.6,161.1,112,205,10,6,60.0,7,9,3,7,42.9,77.8
Rajasthan Royals,2014,14,7,7,50.0,153.9,154.6,86,166,8,4,50.0,6,8,3,4,50.0,50.0
Mumbai Indians,2014,15,7,8,46.7,156.9,156.4,86,197,6,3,50.0,9,6,3,4,33.3,66.7
Sunrisers Hyderabad,2014,14,6,8,42.9,150.1,159.8,72,167,7,3,42.9,10,4,3,3,30.0,75.0
Royal Challengers Bengaluru,2014,14,5,9,35.7,149.5,154.5,92,165,9,3,33.3,6,8,1,4,16.7,50.0
Delhi Capitals,2014,14,2,12,14.3,148.6,156.0,63,177,4,0,0.0,7,7,0,2,0.0,28.6
Mumbai Indians,2015,16,10,6,62.5,170.9,168.4,120,242,7,3,42.9,10,6,7,3,70.0,50.0
Chennai Super Kings,2015,17,10,7,58.8,160.3,153.0,96,249,10,5,50.0,11,6,7,3,63.6,50.0
Rajasthan Royals,2015,13,7,6,53.8,164.4,167.8,65,187,5,3,60.0,5,8,3,4,60.0,50.0
Kolkata Knight Riders,2015,13,7,6,53.8,157.2,160.1,64,206,8,5,62.5,4,9,2,5,50.0,55.6
Royal Challengers Bengaluru,2015,16,8,8,50.0,144.4,145.6,105,206,10,6,60.0,6,10,3,5,50.0,50.0
Sunrisers Hyderabad,2015,14,7,7,50.0,157.9,151.9,79,185,6,3,50.0,9,5,6,1,66.7,20.0
Delhi Capitals,2015,14,5,9,35.7,154.9,141.3,84,188,5,2,40.0,7,7,2,3,28.6,42.9
Punjab Kings,2015,14,3,11,21.4,143.1,163.3,79,144,7,1,14.3,7,7,2,1,28.6,14.3
Sunrisers Hyderabad,2016,17,11,6,64.7,157.2,151.8,89,231,10,7,70.0,9,8,5,6,55.6,75.0
Royal Challengers Bengaluru,2016,16,9,7,56.3,186.3,169.4,142,240,6,4,66.7,10,6,5,4,50.0,66.7
Gujarat Lions,2016,16,9,7,56.3,153.1,162.9,63,242,8,6,75.0,6,10,1,8,16.7,80.0
Kolkata Knight Riders,2016,15,8,7,53.3,150.9,154.7,65,194,6,4,66.7,7,8,2,6,28.6,75.0
Delhi Capitals,2016,14,7,7,50.0,150.3,150.5,65,179,8,5,62.5,6,8,2,5,33.3,62.5
Mumbai Indians,2016,14,7,7,50.0,156.7,156.4,93,185,9,5,55.6,7,7,2,5,28.6,71.4
Rising Pune Supergiants,2016,14,5,9,35.7,147.4,150.9,68,171,7,3,42.9,7,7,0,5,0.0,71.4
Punjab Kings,2016,14,4,10,28.6,152.4,159.5,54,191,6,0,0.0,8,6,2,2,25.0,33.3
Mumbai Indians,2017,17,12,5,70.6,164.1,155.2,117,224,11,7,63.6,6,11,4,8,66.7,72.7
Rising Pune Supergiants,2017,16,10,6,62.5,154.4,152.3,89,197,6,5,83.3,8,8,5,5,62.5,62.5
Sunrisers Hyderabad,2017,14,8,6,57.1,167.8,154.7,70,220,5,3,60.0,9,5,5,3,55.6,60.0
Kolkata Knight Riders,2017,16,9,7,56.3,155.3,158.7,87,228,9,6,66.7,6,10,2,7,33.3,70.0
Punjab Kings,2017,14,7,7,50.0,157.6,159.2,88,189,4,2,50.0,8,6,4,3,50.0,50.0
Delhi Capitals,2017,14,6,8,42.9,158.5,161.1,87,202,8,5,62.5,6,8,3,3,50.0,37.5
Gujarat Lions,2017,14,4,10,28.6,171.9,176.6,92,218,7,4,57.1,8,6,0,4,0.0,66.7
Royal Challengers Bengaluru,2017,13,3,10,23.1,141.9,156.4,75,133,9,2,22.2,8,5,3,0,37.5,0.0
Chennai Super Kings,2018,16,11,5,68.8,175.6,171.9,145,211,11,8,72.7,6,10,3,8,50.0,80.0
Sunrisers Hyderabad,2018,17,10,7,58.8,160.1,157.3,88,240,7,4,57.1,9,8,5,5,55.6,62.5
Kolkata Knight Riders,2018,16,9,7,56.3,172.4,171.4,130,253,9,5,55.6,6,10,3,6,50.0,60.0
Rajasthan Royals,2018,15,7,8,46.7,157.1,157.1,77,195,6,3,50.0,8,7,4,3,50.0,42.9
Mumbai Indians,2018,14,6,8,42.9,170.0,163.0,107,204,5,2,40.0,9,5,4,2,44.4,40.0
Punjab Kings,2018,14,6,8,42.9,157.9,166.1,104,170,7,4,57.1,7,7,3,3,42.9,42.9
Royal Challengers Bengaluru,2018,14,6,8,42.9,165.9,170.2,106,193,7,4,57.1,6,8,2,4,33.3,50.0
Delhi Capitals,2018,14,5,9,35.7,167.4,170.5,115,186,8,2,25.0,9,5,4,1,44.4,20.0
Mumbai Indians,2019,16,11,5,68.8,166.3,160.1,115,230,8,6,75.0,10,6,7,4,70.0,66.7
Delhi Capitals,2019,16,10,6,62.5,157.4,159.4,87,236,10,7,70.0,6,10,3,7,50.0,70.0
Chennai Super Kings,2019,17,10,7,58.8,145.5,143.5,89,205,12,7,58.3,6,11,3,7,50.0,63.6
Kolkata Knight Riders,2019,14,6,8,42.9,176.1,172.8,143,195,5,4,80.0,9,5,2,4,22.2,80.0
Punjab Kings,2019,14,6,8,42.9,173.5,178.8,110,197,6,3,50.0,7,7,3,3,42.9,42.9
Sunrisers Hyderabad,2019,15,6,9,40.0,163.3,157.7,81,198,4,2,50.0,8,7,2,4,25.0,57.1
Rajasthan Royals,2019,14,5,9,35.7,156.7,161.0,66,206,11,5,45.5,5,9,0,5,0.0,55.6
Royal Challengers Bengaluru,2019,14,5,9,35.7,157.7,164.8,93,186,4,2,50.0,9,5,3,2,33.3,40.0
Mumbai Indians,2021,30,18,12,60.0,161.7,153.8,213,403,16,11,68.8,17,13,8,10,47.1,76.9
Delhi Capitals,2021,33,19,14,57.6,159.5,158.9,155,470,18,10,55.6,18,15,9,10,50.0,66.7
Chennai Super Kings,2021,30,17,13,56.7,164.1,161.0,190,420,14,10,71.4,14,16,6,11,42.9,68.8
Royal Challengers Bengaluru,2021,30,16,14,53.3,152.7,153.8,145,366,16,8,50.0,18,12,9,7,50.0,58.3
Kolkata Knight Riders,2021,31,16,15,51.6,154.1,153.3,184,417,14,6,42.9,16,15,8,8,50.0,53.3
Punjab Kings,2021,28,12,16,42.9,160.2,159.3,191,334,9,4,44.4,15,13,5,7,33.3,53.8
Rajasthan Royals,2021,28,11,17,39.3,160.1,171.4,195,358,15,5,33.3,11,17,3,8,27.3,47.1
Sunrisers Hyderabad,2021,30,11,19,36.7,153.5,155.4,149,364,18,6,33.3,11,19,5,6,45.5,31.6
Gujarat Titans,2022,16,12,4,75.0,166.4,158.4,79,250,10,7,70.0,7,9,4,8,57.1,88.9
Lucknow Super Giants,2022,15,9,6,60.0,169.9,166.4,115,188,7,4,57.1,8,7,7,2,87.5,28.6
Rajasthan Royals,2022,17,10,7,58.8,173.1,166.6,137,251,4,2,50.0,13,4,7,3,53.8,75.0
Royal Challengers Bengaluru,2022,16,9,7,56.3,164.5,163.4,102,222,8,4,50.0,9,7,5,4,55.6,57.1
Delhi Capitals,2022,14,7,7,50.0,167.2,171.2,106,205,8,4,50.0,5,9,3,4,60.0,44.4
Punjab Kings,2022,14,7,7,50.0,167.4,160.9,110,200,4,1,25.0,9,5,4,3,44.4,60.0
Kolkata Knight Riders,2022,14,6,8,42.9,158.8,160.6,113,177,8,5,62.5,5,9,2,4,40.0,44.4
Sunrisers Hyderabad,2022,14,6,8,42.9,156.9,172.6,97,170,10,5,50.0,3,11,1,5,33.3,45.5
Chennai Super Kings,2022,14,4,10,28.6,163.4,161.0,103,184,6,1,16.7,10,4,3,1,30.0,25.0
Mumbai Indians,2022,14,4,10,28.6,158.4,167.9,100,173,9,3,33.3,5,9,1,3,20.0,33.3
Chennai Super Kings,2023,15,10,5,66.7,180.8,173.5,133,197,9,6,66.7,9,6,6,4,66.7,66.7
Gujarat Titans,2023,17,11,6,64.7,179.6,167.1,124,258,9,6,66.7,8,9,5,6,62.5,66.7
Mumbai Indians,2023,16,9,7,56.3,184.1,184.6,140,265,10,6,60.0,6,10,3,6,50.0,60.0
Lucknow Super Giants,2023,15,8,7,53.3,165.3,171.3,115,183,3,1,33.3,7,8,5,3,71.4,37.5
Royal Challengers Bengaluru,2023,14,7,7,50.0,178.7,173.9,107,202,8,4,50.0,9,5,5,2,55.6,40.0
Rajasthan Royals,2023,14,7,7,50.0,172.8,170.6,112,215,10,4,40.0,7,7,4,3,57.1,42.9
Kolkata Knight Riders,2023,14,6,8,42.9,175.9,176.4,125,202,5,1,20.0,7,7,3,3,42.9,42.9
Punjab Kings,2023,14,6,8,42.9,182.6,183.1,117,227,5,1,20.0,9,5,4,2,44.4,40.0
Delhi Capitals,2023,14,5,9,35.7,155.9,173.1,67,210,7,3,42.9,5,9,3,2,60.0,22.2
Sunrisers Hyderabad,2023,14,4,10,28.6,169.7,177.6,84,216,7,2,28.6,7,7,2,2,28.6,28.6
Kolkata Knight Riders,2024,14,11,3,78.6,190.5,171.9,141,238,3,3,100.0,9,5,6,5,66.7,100.0
Rajasthan Royals,2024,15,9,6,60.0,176.5,177.1,112,236,11,7,63.6,5,10,2,7,40.0,70.0
Sunrisers Hyderabad,2024,16,9,7,56.3,190.8,188.5,178,217,7,2,28.6,10,6,6,3,60.0,50.0
Lucknow Super Giants,2024,14,7,7,50.0,177.4,180.1,102,206,9,5,55.6,8,6,4,3,50.0,50.0
Delhi Capitals,2024,14,7,7,50.0,183.8,197.3,135,229,7,2,28.6,7,7,5,2,71.4,28.6
Chennai Super Kings,2024,14,7,7,50.0,180.3,172.5,107,209,3,1,33.3,8,6,4,3,50.0,50.0
Royal Challengers Bengaluru,2024,15,7,8,46.7,195.3,188.0,165,229,8,4,50.0,9,6,4,3,44.4,50.0
Gujarat Titans,2024,12,5,7,41.7,170.0,175.1,68,183,3,1,33.3,6,6,2,3,33.3,50.0
Punjab Kings,2024,14,5,9,35.7,177.6,186.6,120,213,10,4,40.0,4,10,0,5,0.0,50.0
Mumbai Indians,2024,14,4,10,28.6,183.4,190.0,133,215,10,2,20.0,5,9,2,2,40.0,22.2
